T2D	/project/voight_ML/thomc/thomc_results/GWASimputation/harmonized_gwas/t2d
BMI	/project/voight_ML/thomc/thomc_results/GWASimputation/harmonized_gwas/GIANT_bmi
WHRadjBMI	/project/voight_ML/thomc/thomc_results/GWASimputation/harmonized_gwas/WHRadjBMI
Asthma	/project/voight_ML/thomc/thomc_results/GWASimputation/harmonized_gwas/Asthma
Eczema	/project/voight_ML/thomc/thomc_results/GWASimputation/harmonized_gwas/Eczema
AlzD	/project/voight_ML/thomc/thomc_results/GWASimputation/harmonized_gwas/AlzD
baso	/project/voight_ML/thomc/thomc_results/GWASimputation/harmonized_gwas/baso
baso_neut_sum	/project/voight_ML/thomc/thomc_results/GWASimputation/harmonized_gwas/baso_neut_sum
baso_p	/project/voight_ML/thomc/thomc_results/GWASimputation/harmonized_gwas/baso_p
baso_p_gran	/project/voight_ML/thomc/thomc_results/GWASimputation/harmonized_gwas/baso_p_gran
bipolar	/project/voight_ML/thomc/thomc_results/GWASimputation/harmonized_gwas/bipolar
BrCaC	/project/voight_ML/thomc/thomc_results/GWASimputation/harmonized_gwas/BrCaC
cad	/project/voight_ML/thomc/thomc_results/GWASimputation/harmonized_gwas/cad
CLL	/project/voight_ML/thomc/thomc_results/GWASimputation/harmonized_gwas/CLL
crohns	/project/voight_ML/thomc/thomc_results/GWASimputation/harmonized_gwas/crohns
DepAffect	/project/voight_ML/thomc/thomc_results/GWASimputation/harmonized_gwas/DepAffect
DepSx	/project/voight_ML/thomc/thomc_results/GWASimputation/harmonized_gwas/DepSx
eo_p	/project/voight_ML/thomc/thomc_results/GWASimputation/harmonized_gwas/eo_p
eo_p_gran	/project/voight_ML/thomc/thomc_results/GWASimputation/harmonized_gwas/eo_p_gran
gran	/project/voight_ML/thomc/thomc_results/GWASimputation/harmonized_gwas/gran
gran_p_myeloid_wbc	/project/voight_ML/thomc/thomc_results/GWASimputation/harmonized_gwas/gran_p_myeloid_wbc
hct	/project/voight_ML/thomc/thomc_results/GWASimputation/harmonized_gwas/hct
hgb	/project/voight_ML/thomc/thomc_results/GWASimputation/harmonized_gwas/hgb
hlr	/project/voight_ML/thomc/thomc_results/GWASimputation/harmonized_gwas/hlr
hlr_p	/project/voight_ML/thomc/thomc_results/GWASimputation/harmonized_gwas/hlr_p
ibd	/project/voight_ML/thomc/thomc_results/GWASimputation/harmonized_gwas/ibd
irf	/project/voight_ML/thomc/thomc_results/GWASimputation/harmonized_gwas/irf
Klarin_HDL	/project/voight_ML/thomc/thomc_results/GWASimputation/harmonized_gwas/Klarin_HDL
Klarin_LDL	/project/voight_ML/thomc/thomc_results/GWASimputation/harmonized_gwas/Klarin_LDL
Klarin_TC	/project/voight_ML/thomc/thomc_results/GWASimputation/harmonized_gwas/Klarin_TC
Klarin_TG	/project/voight_ML/thomc/thomc_results/GWASimputation/harmonized_gwas/Klarin_TG
LungCa	/project/voight_ML/thomc/thomc_results/GWASimputation/harmonized_gwas/LungCa
lymph	/project/voight_ML/thomc/thomc_results/GWASimputation/harmonized_gwas/lymph
Lymphoma	/project/voight_ML/thomc/thomc_results/GWASimputation/harmonized_gwas/Lymphoma
lymph_p	/project/voight_ML/thomc/thomc_results/GWASimputation/harmonized_gwas/lymph_p
mch	/project/voight_ML/thomc/thomc_results/GWASimputation/harmonized_gwas/mch
mchc	/project/voight_ML/thomc/thomc_results/GWASimputation/harmonized_gwas/mchc
mcv	/project/voight_ML/thomc/thomc_results/GWASimputation/harmonized_gwas/mcv
Migraine	/project/voight_ML/thomc/thomc_results/GWASimputation/harmonized_gwas/Migraine
mono	/project/voight_ML/thomc/thomc_results/GWASimputation/harmonized_gwas/mono
mono_p	/project/voight_ML/thomc/thomc_results/GWASimputation/harmonized_gwas/mono_p
mpv	/project/voight_ML/thomc/thomc_results/GWASimputation/harmonized_gwas/mpv
myeloid_wbc	/project/voight_ML/thomc/thomc_results/GWASimputation/harmonized_gwas/myeloid_wbc
NagelNeuroticism	/project/voight_ML/thomc/thomc_results/GWASimputation/harmonized_gwas/NagelNeuroticism
neut	/project/voight_ML/thomc/thomc_results/GWASimputation/harmonized_gwas/neut
neut_eo_sum	/project/voight_ML/thomc/thomc_results/GWASimputation/harmonized_gwas/neut_eo_sum
neut_p	/project/voight_ML/thomc/thomc_results/GWASimputation/harmonized_gwas/neut_p
neut_p_gran	/project/voight_ML/thomc/thomc_results/GWASimputation/harmonized_gwas/neut_p_gran
OvCa	/project/voight_ML/thomc/thomc_results/GWASimputation/harmonized_gwas/OvCa
pct	/project/voight_ML/thomc/thomc_results/GWASimputation/harmonized_gwas/pct
pdw	/project/voight_ML/thomc/thomc_results/GWASimputation/harmonized_gwas/pdw
plt	/project/voight_ML/thomc/thomc_results/GWASimputation/harmonized_gwas/plt
ProstateCa	/project/voight_ML/thomc/thomc_results/GWASimputation/harmonized_gwas/ProstateCa
rbc	/project/voight_ML/thomc/thomc_results/GWASimputation/harmonized_gwas/rbc
rdw	/project/voight_ML/thomc/thomc_results/GWASimputation/harmonized_gwas/rdw
ret	/project/voight_ML/thomc/thomc_results/GWASimputation/harmonized_gwas/ret
ret_p	/project/voight_ML/thomc/thomc_results/GWASimputation/harmonized_gwas/ret_p
SCZ	/project/voight_ML/thomc/thomc_results/GWASimputation/harmonized_gwas/SCZ
SkinCa	/project/voight_ML/thomc/thomc_results/GWASimputation/harmonized_gwas/SkinCa
TesticCa	/project/voight_ML/thomc/thomc_results/GWASimputation/harmonized_gwas/TesticCa
ThyroidCa	/project/voight_ML/thomc/thomc_results/GWASimputation/harmonized_gwas/ThyroidCa
uc	/project/voight_ML/thomc/thomc_results/GWASimputation/harmonized_gwas/uc
UKBB_brca	/project/voight_ML/thomc/thomc_results/GWASimputation/harmonized_gwas/UKBB_brca
UKBB_chf	/project/voight_ML/thomc/thomc_results/GWASimputation/harmonized_gwas/UKBB_chf
UKBB_chol	/project/voight_ML/thomc/thomc_results/GWASimputation/harmonized_gwas/UKBB_chol
UKBB_MI	/project/voight_ML/thomc/thomc_results/GWASimputation/harmonized_gwas/UKBB_MI
UKBB_sbp	/project/voight_ML/thomc/thomc_results/GWASimputation/harmonized_gwas/UKBB_sbp
UtEndometCa	/project/voight_ML/thomc/thomc_results/GWASimputation/harmonized_gwas/UtEndometCa
wbc	/project/voight_ML/thomc/thomc_results/GWASimputation/harmonized_gwas/wbc
Worry	/project/voight_ML/thomc/thomc_results/GWASimputation/harmonized_gwas/Worry
